{"schemaVersion":"1.0","appDefinitionTemplate":{"id":"/providers/Microsoft.PowerApps/apps/","type":"Microsoft.PowerApps/apps","tags":{"primaryDeviceWidth":"640","primaryDeviceHeight":"1136","sienaVersion":"20200531T174613Z-3.20051.17.0","deviceCapabilities":"","supportsPortrait":"true","supportsLandscape":"false","primaryFormFactor":"Phone","publisherVersion":"3.20051.17","minimumRequiredApiVersion":"2.2.0","hasComponent":"false","hasUnlockedComponent":"false","isUnifiedRootApp":"false"},"properties":{"appVersion":"2020-05-31T17:46:13Z","lifeCycleId":"Published","createdByClientVersion":{"major":3,"minor":20051,"build":17,"revision":0,"majorRevision":0,"minorRevision":0},"minClientVersion":{"major":3,"minor":20051,"build":17,"revision":0,"majorRevision":0,"minorRevision":0},"backgroundColor":"rgba(0, 176, 240, 1)","backgroundImageUri":"/3256572711087727728/N03b342c1-8df8-403d-bec7-b0cdb7d36e62-logoSmallFile","displayName":"Game","description":"","commitMessage":"","appUris":{"documentUri":{"value":"/3256572711087727728/N8f91c426-7a10-4bfa-b28d-17cd0fd484e8-document.msapp","readonlyValue":"/3256572711087727728/N8f91c426-7a10-4bfa-b28d-17cd0fd484e8-document.msapp"},"imageUris":[]},"createdTime":"0001-01-01T00:00:00Z","lastModifiedTime":"0001-01-01T00:00:00Z","sharedGroupsCount":0,"sharedUsersCount":0,"icons":{"smallIconUri":"/3256572711087727728/Ndab3ff61-aa9d-4d1c-bd97-abefa41d5e8b-small.png","mediumIconUri":"/3256572711087727728/N3c0e6694-64f5-4acf-bca9-d06d70b1aa58-medium.png","largeIconUri":"/3256572711087727728/Ne498ed67-7876-4163-993d-b4e37092863c-large.png","wideIconUri":"/3256572711087727728/Nfa817962-a526-4fa2-8ff6-d31b5ac865e5-wide.png"},"connectionReferences":{},"databaseReferences":{},"almMode":"Environment","performanceOptimizationEnabled":true,"canConsumeAppPass":true},"isAppComponentLibrary":false,"appType":"ClassicCanvasApp","appComponents":[]}}