{"schemaVersion":"1.0","appDefinitionTemplate":{"id":"/providers/Microsoft.PowerApps/apps/","type":"Microsoft.PowerApps/apps","tags":{"minimumRequiredApiVersion":"2.2.0","primaryDeviceWidth":"1366","primaryDeviceHeight":"768","sienaVersion":"20200510T140305Z-3.20023.8.0","deviceCapabilities":"","supportsPortrait":"false","supportsLandscape":"true","primaryFormFactor":"Tablet","publisherVersion":"3.20023.8","hasComponent":"false","hasUnlockedComponent":"false"},"properties":{"appVersion":"2020-05-10T14:03:05Z","lifeCycleId":"Published","createdByClientVersion":{"major":3,"minor":20023,"build":8,"revision":0,"majorRevision":0,"minorRevision":0},"minClientVersion":{"major":3,"minor":20023,"build":8,"revision":0,"majorRevision":0,"minorRevision":0},"backgroundColor":"rgba(165, 34, 55, 1)","backgroundImageUri":"/17196807667926955260/N3339b719-fd6d-4edf-a176-db5db727b969-logoSmallFile","displayName":"Learning tracker","description":"","commitMessage":"","appUris":{"documentUri":{"value":"/17196807667926955260/Ne98ba041-771f-4d45-8c2e-dab42537a1c4-document.msapp","readonlyValue":"/17196807667926955260/Ne98ba041-771f-4d45-8c2e-dab42537a1c4-document.msapp"},"imageUris":[]},"createdTime":"0001-01-01T00:00:00Z","lastModifiedTime":"0001-01-01T00:00:00Z","sharedGroupsCount":0,"sharedUsersCount":0,"icons":{"smallIconUri":"/17196807667926955260/N1f87bd79-7366-44fc-b90e-ba1891baac5d-small.png","mediumIconUri":"/17196807667926955260/N6dc88987-db86-42c4-9d3e-f77db1e54120-medium.png","largeIconUri":"/17196807667926955260/N31ece344-bfc3-40e7-8452-cfa588fc4702-large.png","wideIconUri":"/17196807667926955260/N0461eeff-2ca6-4ba3-b273-827a06f2e8bc-wide.png"},"connectionReferences":{"ad6fc9a2-b77b-465b-8061-d2b79d39c263":{"id":"8e93bea6-84da-4acf-8918-41e8030636a8","displayName":"SharePoint","iconUri":"https://connectoricons-prod.azureedge.net/sharepointonline/icon_1.0.1329.1953.png","dataSources":["Resolutions"],"dependencies":[],"dependents":[],"parameterHints":{},"isOnPremiseConnection":false,"bypassConsent":false,"dataSets":{"https://activeinetservices.sharepoint.com/sites/PowerAppsDemos":{"dataSources":{"Resolutions":{"tableName":"c731b420-140f-4110-82f6-f48ecbb114cd"}}}},"apiTier":"Standard","isCustomApiConnection":false},"fe08e09e-0d62-4f8f-b007-6660e39b654e":{"id":"87abcc7a-1325-42a0-b13b-211db76f620a","displayName":"Excel","iconUri":"https://connectoricons-prod.azureedge.net/excel/icon_1.0.1332.1958.png","dataSources":["Table1_7"],"dependencies":["1b972c45-6f4d-4f47-bd65-f9f632348c36"],"dependents":[],"parameterHints":{"1b972c45-6f4d-4f47-bd65-f9f632348c36":{"value":"fileSource"}},"isOnPremiseConnection":false,"bypassConsent":false,"dataSets":{"b!AIeqL5-pzU-4tkWQyH1D07gz6mVTmxRDgIfEbbD6hvqeEmG4s6DnSoxtQVF2VDRb.0136JAMMYFLSVS5Z2V5ZC2D5IYRS3SKABF":{"dataSources":{"Table1_7":{"tableName":"Table1"}}}},"apiTier":"Standard","isCustomApiConnection":false},"1b972c45-6f4d-4f47-bd65-f9f632348c36":{"id":"f3f5e898-2383-47da-b022-607ac8252a34","displayName":"OneDrive for Business","iconUri":"https://connectoricons-prod.azureedge.net/onedriveforbusiness/icon_1.0.1341.1987.png","dataSources":[],"dependencies":[],"dependents":["fe08e09e-0d62-4f8f-b007-6660e39b654e"],"parameterHints":{},"isOnPremiseConnection":false,"bypassConsent":false,"dataSets":{},"apiTier":"Standard","isCustomApiConnection":false}},"databaseReferences":{},"almMode":"Environment","performanceOptimizationEnabled":false},"isAppComponentLibrary":false,"appType":"ClassicCanvasApp","appComponents":[]}}